year,cpi_eur,equity,equity_hedged,bonds,gold,gold_hedged,commodity,cash,trend,trend_hedged,carry,carry_hedged
1972,0.063655,0.220939,0.264942,0.032140,,,,0.056952,,,,
1973,0.079150,-0.295912,-0.122212,0.028665,,,,0.128586,,,,
1974,0.057245,-0.322180,-0.222377,0.088489,,,,0.106055,,,,
1975,0.054146,0.472505,0.350875,0.191429,,,,0.057022,,,,
1976,0.036918,0.044650,0.151449,0.166151,,,,0.044033,,,,
1977,0.034056,-0.068310,0.039501,0.170302,,,,0.044891,,,,
1978,0.025449,0.036834,0.149126,0.017740,,,,0.037717,,,,
1979,0.054015,0.101921,0.123234,-0.008217,,,,0.067758,,,,
1980,0.055402,0.472677,0.266348,0.022918,,,0.257407,0.100462,,,,
1981,0.066929,0.094271,-0.055344,0.043828,-0.235999,-0.340840,-0.133854,0.127015,,,,
1982,0.045510,0.175518,0.088319,0.227143,0.220654,0.129933,0.175826,0.093901,,,,
1983,0.027059,0.414445,0.199253,0.048107,-0.039742,-0.186607,0.323839,0.060448,,,,
1984,0.019473,0.197975,-0.000758,0.173972,-0.066820,-0.222208,0.160856,0.062574,,,,
1985,0.015730,0.099193,0.389593,0.118709,-0.177732,0.038995,-0.152984,0.056254,,,,
1986,-0.009956,0.109129,0.398506,0.093854,-0.068174,0.174646,-0.206647,0.048295,,,,
1987,0.010056,-0.047132,0.149808,0.040848,0.016143,0.226298,0.002425,0.043452,,,,
1988,0.018805,0.421522,0.222382,0.066632,-0.036990,-0.172505,0.442910,0.044544,,,,
1989,0.030402,0.103154,0.150983,-0.000518,-0.078653,-0.039009,0.301498,0.072961,,,,
1990,0.027397,-0.271263,-0.168840,-0.003483,-0.142051,-0.021540,0.134409,0.088663,,,,
1991,0.057488,0.210657,0.247975,0.133509,-0.078543,-0.049351,-0.061221,0.096751,,,,
1992,0.033287,0.027457,0.016691,0.148456,0.012774,0.002214,0.113447,0.100056,,,,
1993,0.042953,0.344767,0.288461,0.186781,0.282796,0.229442,-0.051472,0.077136,,,,
1994,0.024453,-0.070556,0.070512,-0.047260,-0.131267,0.000716,-0.071985,0.067236,,,,
1995,0.015075,0.118200,0.214837,0.181145,-0.058037,0.023573,0.114120,0.070811,,,,
1996,0.014851,0.183615,0.132292,0.086221,-0.001140,-0.044472,0.391396,0.053322,,,,
1997,0.015967,0.326622,0.132701,0.095070,-0.085478,-0.219322,-0.007608,0.045289,,,,
1998,0.008476,0.131062,0.193826,0.174146,-0.067604,-0.015929,-0.400422,0.040834,,,,
1999,0.018210,0.478124,0.255404,-0.055864,0.168277,-0.008070,0.620266,0.030334,,,,
2000,0.025623,-0.061996,-0.137734,0.074650,0.013595,-0.068222,0.593196,0.044675,,,,
2001,0.020959,-0.101544,-0.140637,0.061406,0.062857,0.016537,-0.287200,0.043286,0.098865,0.051018,,
2002,0.023157,-0.300322,-0.162709,0.082270,0.068071,0.277340,0.114966,0.033982,-0.023603,0.167842,-0.153543,0.012628
2003,0.020225,0.140337,0.387932,0.044620,-0.000936,0.216179,-0.001531,0.024850,-0.019364,0.193712,-0.142775,0.043637
2004,0.023442,0.091395,0.177951,0.102888,-0.021431,0.056233,0.086415,0.021363,-0.037239,0.039171,0.274625,0.375546
2005,0.022752,0.271381,0.100642,0.054751,0.352680,0.171136,0.425689,0.022069,0.200280,0.039039,0.476523,0.278344
2006,0.019239,0.087949,0.197059,0.001452,0.099871,0.210200,-0.245545,0.030849,-0.038971,0.057226,0.226663,0.349914
2007,0.031116,0.006951,0.112513,0.006382,0.184151,0.308033,0.189986,0.043050,-0.006935,0.097069,0.083709,0.197204
2008,0.016590,-0.373456,-0.382065,0.143996,0.106510,0.089538,-0.430209,0.048184,0.207479,0.188199,0.356327,0.334120
2009,0.009145,0.290441,0.346183,0.024605,0.210426,0.262471,0.081088,0.015521,-0.054306,-0.013403,0.011082,0.054625
2010,0.022166,0.207680,0.139177,0.046876,0.385050,0.306420,0.143630,0.008115,0.185357,0.118152,0.088936,0.027261
2011,0.027550,-0.045811,-0.061754,0.118284,0.133898,0.114682,-0.003086,0.013919,0.001325,-0.015519,0.171452,0.151550
2012,0.022299,0.154367,0.178213,0.074859,0.054016,0.075799,-0.020825,0.006149,-0.027614,-0.007460,-0.012684,0.007805
2013,0.008439,0.176969,0.232375,-0.030157,-0.311709,-0.279258,-0.060981,0.002151,-0.020449,0.025692,0.005796,0.053166
2014,-0.001674,0.183328,0.039352,0.132792,0.120020,-0.016246,-0.235418,0.002065,0.341082,0.177900,0.252311,0.099941
2015,0.002450,0.090308,-0.018428,0.008458,-0.004389,-0.103680,-0.267998,-0.000083,0.128811,0.016243,0.220538,0.098838
2016,0.010935,0.127387,0.079799,0.029699,0.125976,0.078380,0.143145,-0.002619,0.025143,-0.018199,0.058463,0.013739
2017,0.013489,0.090150,0.230570,-0.001482,-0.008982,0.118537,-0.090938,-0.003263,-0.088397,0.028849,-0.060486,0.060366
2018,0.015193,-0.049354,-0.117253,0.014618,0.036321,-0.037482,-0.093495,-0.003207,0.007600,-0.064211,0.147855,0.066275
2019,0.013358,0.291833,0.239375,0.046948,0.204407,0.155384,0.176852,-0.003554,0.172077,0.124326,0.051005,0.007944
2020,-0.002807,0.071345,0.157873,0.027842,0.150446,0.243627,-0.301706,-0.004220,-0.065463,0.010098,0.075056,0.172696
2021,0.049694,0.266748,0.176780,-0.027784,0.029887,-0.043359,0.485053,-0.005463,0.191981,0.107285,0.144204,0.062889
2022,0.092001,-0.125805,-0.193687,-0.203587,0.061415,-0.020848,0.321968,0.003076,0.294837,0.194686,0.142779,0.054474
2023,0.029044,0.187886,0.201084,0.022436,0.100538,0.112673,-0.080880,0.034085,-0.114225,-0.104772,0.061349,0.072990
2024,0.024281,0.233115,0.150181,0.016251,0.345005,0.254673,0.147854,0.036667,0.134370,0.057947,0.102777,0.028492
2025,0.019350,0.089120,0.204240,-0.029610,0.460676,0.615563,-0.058439,0.022973,0.011886,0.118698,-0.043109,0.057791
